Iteration,Execution Time,Exploitability
0,2.859994235,2.3832720658002993
1,2.6492125189999998,1.4943911192313863
2,2.3567376499999995,1.2096791672271845
3,2.373674199,1.0352851357624777
4,2.3808471839999967,0.8953140614081188
5,2.433842164999998,0.7681356957314153
6,2.5739657399999984,0.6905723495558074
7,3.0722945459999984,0.6279452033363067
8,2.6955667390000038,0.5785178021040935
9,2.7612385839999973,0.5237289787137283
10,2.5025227140000013,0.47943168504970324
11,2.556067044999999,0.4281197235341492
12,2.4686725130000013,0.3830158623639791
13,2.4525764609999996,0.3535132747776982
14,2.3279039210000008,0.3388853899335129
15,2.297096338000003,0.3299526502360391
16,2.3321306399999955,0.31486988304449565
17,2.345805894999998,0.30087019815539573
18,2.333811030999996,0.2886805102503551
19,2.310704113,0.2849100870183232
20,2.4033153069999997,0.2840493510350268
21,2.4808439159999978,0.2778601644276698
22,2.3745751419999976,0.2716456927313585
23,2.466252264000005,0.26851664207494674
24,2.527257978999998,0.26329455697463444
25,2.4116046890000007,0.26015147970876273
26,2.4639487750000058,0.25705908417000695
27,2.401554177999998,0.2501789480099239
28,2.38184458100001,0.2521366015752247
29,2.3571823899999913,0.2604298418862676
30,2.372613630999993,0.26075265646074985
31,2.4129739520000015,0.2595010901368746
32,2.3159898389999967,0.2602172130138934
33,2.384703293000001,0.2644077102412257
34,2.409480445,0.27326385386582763
35,2.4569447970000056,0.2763973557415267
36,2.4684914549999917,0.27530572472749304
37,2.470422534999983,0.26792124955539465
38,2.431880191999994,0.2599372432523002
39,2.4972928669999988,0.2504571063819215
40,2.488471698999973,0.2430503032938213
41,2.5325077809999925,0.23595951000153276
42,2.547307055999994,0.23083556821221368
43,2.487312944000024,0.23442627546595868
44,2.533262304999994,0.2274361319077484
45,2.505515282999994,0.22514815170867977
46,2.516585286999998,0.22363864490269508
47,2.5399085100000036,0.22147407761129648
48,2.4469633829999964,0.22062314867728772
49,2.4378168670000093,0.21947686445709755
50,2.4181797180000046,0.21723802977999115
51,2.4019925890000025,0.2142943188525952
52,2.442663146000001,0.21110077329653865
53,2.542984632000014,0.207774565869478
54,2.5778230779999944,0.20370282727396846
55,2.593844536000006,0.198032861084353
56,2.5094228560000147,0.19331417490168862
57,2.440206039000003,0.18971911975173214
58,2.3297513779999974,0.18570921526515172
59,2.5045168030000013,0.1813070803511802
60,2.4965607160000047,0.17708543810953137
61,2.462281692000005,0.17311983161070849
62,2.5207245889999967,0.16962141036363843
63,2.5203113669999766,0.16805599662593568
64,2.4689850899999897,0.16612797143673835
65,2.4772668070000066,0.16598516114308853
66,2.4787816139999848,0.16924494987099414
67,2.457357669000004,0.17205845263495217
68,2.471726992999976,0.1724615403135998
69,2.4500432400000136,0.17260838195430947
70,2.473547841000027,0.17149390982828222
71,2.4726184829999625,0.17057785828748406
72,2.4979024450000225,0.17123298690048527
73,2.4850908939999954,0.17183328386371824
74,2.5072640799999704,0.1725955131629193
75,2.4351994830000194,0.1735615972750636
76,2.406772746999991,0.17458214404841063
77,2.4837503109999943,0.17633411936411653
78,2.4883655589999876,0.18004621879857535
79,2.4340463670000076,0.1827379272653016
80,2.4978318859999717,0.17809798952524636
81,2.3676744679999615,0.17484619430810167
82,2.3774072740000065,0.1737897031904481
83,2.283207231999995,0.17189668245235484
84,2.290321382000002,0.16842907079803715
85,2.3462818269999843,0.16453995057583526
86,2.4146564650000073,0.1608061364119139
87,2.41459620400002,0.1580779570830651
88,2.495346084000005,0.15661684113830623
89,2.5094908909999845,0.15616336529570932
90,2.5422536170000285,0.15488826861180013
91,2.5485004089999848,0.15335391396372927
92,2.5412125349999997,0.15181239768032803
93,2.6227130540000303,0.1502291463829766
94,2.542547512999988,0.14893513417170856
95,2.4399211870000386,0.14812667770370283
96,2.4218761850000305,0.14725788755153757
97,2.4079204239999967,0.14658550403155668
98,2.41813208100001,0.1466334540526593
99,2.425063296000019,0.14661716671926753
