Iteration,Execution Time,Exploitability
0,0.19559364699999993,2.373611111111111
1,0.1274942629999991,2.300970804988662
2,0.15295076600000002,2.0969889709481926
3,0.15238453899999982,1.7685663643111136
4,0.1329048369999981,1.503595163950468
5,0.12614653099999984,1.3109524006348288
6,0.12423450599999697,1.1773212444697747
7,0.12812636899999674,1.082294486614782
8,0.12520016900000286,1.0074861509698583
9,0.13376772599999498,0.9270185719676691
10,0.13223952700000297,0.860468604387268
11,0.12898169600000386,0.8114677101763057
12,0.12746443200000357,0.7745123400082818
13,0.13652148900000327,0.7462955784708598
14,0.15896243699999957,0.7120740731289037
15,0.16077611899999766,0.6812706335296523
16,0.158095325000005,0.6536567342463537
17,0.15399390299999993,0.6371363714947136
18,0.15929246100000682,0.6181702998888279
19,0.15644784600000605,0.5911623862642288
20,0.14842192800000475,0.5602402992608583
21,0.14497397300000614,0.5312351322017508
22,0.14481437899999605,0.509180615756427
23,0.14399344400000302,0.4885505682090981
24,0.14627366799999209,0.4711816912442358
25,0.14215446599999382,0.4543520184011535
26,0.1429557129999921,0.4377098439439384
27,0.14232754399999692,0.4199657501881634
28,0.1305519980000014,0.40040754042272986
29,0.1220371149999977,0.3835571368330123
30,0.1224489530000028,0.36884418645669725
31,0.1181325020000088,0.35472148824830924
32,0.12257988900000782,0.34515405825637335
33,0.12535649299999818,0.3373125423942512
34,0.12613080399999888,0.3265442369720892
35,0.12348531000000662,0.31635063856803536
36,0.12175273000002562,0.3112631116836969
37,0.12170170999999641,0.30673906187880584
38,0.12209742999999662,0.3020803847648393
39,0.1218995879999909,0.3033952335286848
40,0.13788799499999982,0.3046278652889975
41,0.13325079300000198,0.30496461837565597
42,0.13393554799998242,0.3037209463468153
43,0.13285070000000587,0.2995526304921039
44,0.1285728129999768,0.29164097428467717
45,0.12794249600000285,0.28552535974092175
46,0.13000786099999573,0.2864610679731093
47,0.12786063400000103,0.286797277310297
48,0.143104749999992,0.28555148756425025
49,0.14343417300000283,0.2809145137161585
50,0.13516378400001372,0.2723762596364292
51,0.1341653439999959,0.2667358967295933
52,0.135483875999995,0.2648492427828477
53,0.14256244899999615,0.26211826922561043
54,0.13977158200000872,0.2661059490139775
55,0.128242642999993,0.27380669736612373
56,0.13009446899999944,0.2778320513722097
57,0.12976430300000175,0.2757746208933335
58,0.12961131900001988,0.2746154285622758
59,0.12399101799999812,0.27200120399294514
60,0.13288128100001018,0.26753026429296534
61,0.13279627999997956,0.2610304169245202
62,0.13364985600000523,0.25367089445828916
63,0.13408809899999596,0.24620076085033013
64,0.12395327999999495,0.23885395659056427
65,0.12469640700001605,0.23371485448933405
66,0.12355139100000656,0.23112804782328308
67,0.1327753700000187,0.2289379385512333
68,0.13165499000001546,0.227400263956722
69,0.13565649899999244,0.2272555563612095
70,0.14024798600001986,0.2278257454495115
71,0.14162112700000762,0.22958559001005474
72,0.14470438099999683,0.23104032454795945
73,0.14008437100000037,0.23124716837366566
74,0.1406745419999993,0.2299342631243572
75,0.14209250900000825,0.22892282889208126
76,0.1396172650000267,0.22737145580173224
77,0.13794931200004612,0.22523093590648374
78,0.14420325700001513,0.22239676290555593
79,0.14280402800000047,0.21920615025953766
80,0.14507368199997472,0.21532477951497025
81,0.14457400399999187,0.21118260770760253
82,0.14220352199998842,0.20687084950375556
83,0.13922014300004548,0.20240520343833396
84,0.13965374800000063,0.1975816935259669
85,0.1388185450000492,0.19331531443482133
86,0.13988007099999322,0.19002398843557153
87,0.1399412439999992,0.18843732174038302
88,0.14565265700002783,0.19132043397698656
89,0.1429539160000104,0.1895030431276693
90,0.14104367400000228,0.18731992929670968
91,0.14431220699998448,0.1857091017356311
92,0.14066876900000125,0.18642868089075554
93,0.14145085100000188,0.18607112331601727
94,0.13885951200001045,0.184284455275848
95,0.1368077190000463,0.18224047481956673
96,0.1360251309999967,0.17969197397469067
97,0.13609628499995097,0.17734201234889493
98,0.13515004499998895,0.17510415945256907
99,0.13712847400000783,0.1730343119208263
100,0.13349210799998446,0.17088190860298225
101,0.1348872609999603,0.16957393152115585
102,0.13719141799998624,0.1680818875754329
103,0.13321426100003464,0.16633905882953867
104,0.13319158500002004,0.16442833220285238
105,0.1362372429999823,0.16249681366383353
106,0.148919004999982,0.16114871052195023
107,0.14986586500003796,0.15941400411713685
108,0.15237074999998867,0.15589085017665819
109,0.15524872000003143,0.1525665956683517
110,0.1513911850000227,0.14874297974313153
111,0.14849229800000785,0.1454722025733517
112,0.14752781499998946,0.14388987991583435
113,0.14661580300003152,0.1431711992195709
114,0.14356959099995947,0.14240054658049184
115,0.12554566999995131,0.14218725030251173
116,0.12381784799998741,0.1414403332953802
117,0.12194005100002414,0.14027262153024184
118,0.13910892499995953,0.13884674015525247
119,0.14133259600004067,0.13728268679079775
120,0.13579548699999577,0.136342188491327
121,0.13606938500004162,0.1353201943666712
122,0.13748174900001686,0.134296999380222
123,0.14193422099998543,0.13339846828954063
124,0.1407876720000445,0.1326354229154953
125,0.14258809599999722,0.13196368204984563
126,0.1428076459999943,0.1309049299532751
127,0.14435481200001732,0.12969951670450752
128,0.14123276899999837,0.1284969124464151
129,0.14141484300000684,0.12799838827460683
130,0.13927756599997565,0.1290983939665459
131,0.14353189500002372,0.13025228077542664
132,0.1432405140000128,0.131445163973053
133,0.14407419499997332,0.13264688735944574
134,0.14215157499995712,0.13383647045730673
135,0.139780820999988,0.13500561779626877
136,0.13834504999999808,0.13360286668233395
137,0.14471576299996514,0.13045608361067468
138,0.14075015599996732,0.12793464668261878
139,0.14030274000003828,0.1257223779785486
140,0.14060926399997697,0.12330380788882894
141,0.1413476820000028,0.12141187710546644
142,0.13760149999995974,0.12128725479723013
143,0.14184403600000905,0.12125853601778626
144,0.1460216570000057,0.12129005850996794
145,0.14757087800001045,0.12116528523518572
146,0.14407804799998303,0.12113508934138065
147,0.14202357500005292,0.1210606475576651
148,0.15010892400005105,0.12051100405938935
149,0.14579409500004203,0.11948700342904278
150,0.14591918300004636,0.11802322916952776
151,0.13558667699999205,0.11673139618436904
152,0.13466568299998016,0.11581244787359399
153,0.1337751070000195,0.11529072008114818
154,0.14519420200008426,0.11488280679564095
155,0.1471896990000232,0.1144287544008252
156,0.14291719899995314,0.11394752854610478
157,0.13899071699995602,0.11477359063177317
158,0.13924932899999476,0.11601136890471447
159,0.1331459209999366,0.11674164299068557
160,0.134562853000034,0.11518500571064211
161,0.14331066800002645,0.11402963567015423
162,0.12739759099997627,0.11224789778276545
163,0.12554210400003285,0.10913746362046596
164,0.129731144999937,0.10708257127625881
165,0.13122659900000144,0.10627804392797013
166,0.12682740200000353,0.10597774778995388
167,0.1198544620000348,0.10709464860824457
168,0.1229153110000425,0.10787817991393334
169,0.12607656100010445,0.10828805877698619
170,0.12492764300009185,0.10831421514104195
171,0.1253281419999439,0.10825599123800261
172,0.13344604400003846,0.10812637362042234
173,0.13540933000001587,0.10798393404374389
174,0.13752011099995798,0.10777875265843738
175,0.13719659600008072,0.1081546854482669
176,0.14442569099992397,0.10878968957322946
177,0.1382160800000065,0.10962761810926461
178,0.13980839700002434,0.11054870555790493
179,0.15257185799998751,0.11128571265301829
180,0.1511895529999947,0.11274583038060802
181,0.1527193699999998,0.11444833468280362
182,0.15035175599996364,0.11587081290891162
183,0.15013319399997727,0.11660535921698092
184,0.14676083599999856,0.1169346347279113
185,0.14792900800000552,0.11697634637735248
186,0.14777427199999238,0.11594957825058044
187,0.14731217899998228,0.11449689434276845
188,0.1488018639998927,0.11246163500800765
189,0.14592097000002013,0.10998296902162434
190,0.1400510180000083,0.10752196663324952
191,0.13779226500003006,0.10560760168817541
192,0.13187891600000512,0.104058448090617
193,0.13118115299994315,0.10263823929246602
194,0.13042482100001962,0.10188119169034891
195,0.13319161599997642,0.10102870664038514
196,0.13512803600008283,0.09994486230593692
197,0.13911604999998417,0.0985764197318908
198,0.13414989000000332,0.09802677258787669
199,0.133075735000034,0.09796770011638403
200,0.13490370099998472,0.09764476683598598
201,0.1348590669999794,0.09738885287292803
202,0.13406535999990865,0.09672640949626243
203,0.1374411429999327,0.09562497003770254
204,0.13207892499997342,0.09465898394652601
205,0.13110125999992306,0.09407582649887267
206,0.1326926829999593,0.09351431462919518
207,0.142038800000023,0.09368611284032419
208,0.1441329729999552,0.09388099598673474
209,0.14106699700005265,0.09514343353335394
210,0.1410555170000407,0.09632499726701092
211,0.1418924339999421,0.09736595718541832
212,0.14248570299992025,0.09812520563444814
213,0.14492132800000945,0.09833469787310091
214,0.1489093860000139,0.09885934633158774
215,0.14885022900000422,0.09911064395227895
216,0.1507731030000059,0.09964831615491404
217,0.14879934200007483,0.09965726757888281
218,0.14835729300000366,0.09916191001180535
219,0.14995674500005407,0.09795440942670244
220,0.1447699749999174,0.09601678483855539
221,0.13933984699997382,0.0950420595316003
222,0.12634438999998565,0.0942104725892301
223,0.12667370300005132,0.09352931138250767
224,0.12973414299995056,0.09297514509844684
225,0.12769316399999298,0.09242814608460408
226,0.13073836699993535,0.0918429047436445
227,0.12813995599992722,0.09120410158573528
228,0.12804347399992366,0.09067402765266275
229,0.12735052699997595,0.09028767136231872
230,0.12801016799994613,0.0900606755546626
231,0.12783102399998825,0.08982561061426358
232,0.1302147999999761,0.08963410175776672
233,0.12808461599991006,0.0895018031591854
234,0.12592787099993075,0.08917364878534781
235,0.12562365299993417,0.0892750457293885
236,0.12364944099999775,0.0896585631508919
237,0.12839555300001848,0.08995107894750369
238,0.1285040499999468,0.09012131690037112
239,0.12560386699999526,0.0901913991478607
240,0.12745458299991697,0.09018130513392764
241,0.12829690699993535,0.09008915073071033
242,0.1280971319999935,0.08992251506573412
243,0.13134550299992043,0.0896975632866521
244,0.1312813050000159,0.08938631880698615
245,0.13011927799993828,0.08897944506513936
246,0.13034506399992551,0.08853362985676914
247,0.12948891299993193,0.08798657178768825
248,0.13104310400001395,0.08731559029787003
249,0.12176694799995857,0.08715263607233568
250,0.12651444899995568,0.08697646544319632
251,0.12250251599994044,0.08673733855352679
252,0.12838668400002007,0.08662794772793539
253,0.12690481799995723,0.08700518022417854
254,0.12666577200002394,0.08775392009552943
255,0.12165784000001167,0.08871190951603594
256,0.13719924500003344,0.09064433663880123
257,0.14453831799994532,0.09248681307889514
258,0.14333936900004574,0.09389929235682448
259,0.13828004399999827,0.09493691796242915
260,0.13852323100002195,0.09541328859027959
261,0.13842217400008394,0.09554526588083823
262,0.13840358600009495,0.09558964086195265
263,0.13835876500002087,0.09551459107660878
264,0.1387417959999766,0.0953186833085154
265,0.14104352599997583,0.09491576029370002
266,0.13521190100004787,0.09437757855839823
267,0.1347274729999981,0.09385453478113515
268,0.13467846599996847,0.09287369709724705
269,0.13452772599998752,0.09148285661684355
270,0.13307772099994963,0.09042678792492048
271,0.1342104800000925,0.08922286785630945
272,0.13370825100003003,0.087854741641988
273,0.13369657199996254,0.08654222867966208
274,0.12898720099997263,0.08584128078541313
275,0.13093104299991865,0.08540952027604427
276,0.1295327670000006,0.08490299600694054
277,0.1289661740000838,0.08433105696259484
278,0.12832298700004685,0.0836961085021549
279,0.12761703800003943,0.08316407225639849
280,0.12455510799998137,0.08288452667542218
281,0.12290335000000141,0.08290538890202644
282,0.12423516800004109,0.08316999440813058
283,0.1253734430000577,0.08337169674868315
284,0.1253289119999863,0.08355492081629202
285,0.12495616600006088,0.0836953180612415
286,0.12670375800007605,0.08371446039541858
287,0.12440956600005393,0.08368082347521232
288,0.12515189500004453,0.0835546068913604
289,0.12609269300014603,0.08347262004355721
290,0.11280033900015951,0.08345747450518994
291,0.11755159299991647,0.08363319791164756
292,0.1180782530000215,0.083681297806121
293,0.11730960699992465,0.08346474967924916
294,0.1250890989999789,0.08277403886930171
295,0.12631304000001364,0.08271543886629983
296,0.11298364300000685,0.08207786331390547
297,0.11452944600000592,0.08209170787732503
298,0.11334769299992331,0.08205378705731176
299,0.11257849700018596,0.08175636065233222
300,0.12118879800004834,0.08234729803816362
301,0.11952676499981862,0.08367984987347159
302,0.13161285799992584,0.08454824187269563
303,0.13198131100011778,0.08504836284343056
304,0.1287444920001235,0.08546075498022457
305,0.13405419100013205,0.08527766985565445
306,0.1281107869999687,0.08533223255257641
307,0.1305119610001384,0.08393757748209069
308,0.12869144199999027,0.08233712249648313
309,0.1329290270000456,0.08163461516166047
310,0.134715966000158,0.08027750641623609
311,0.12970377599981475,0.08108561469340689
312,0.12689543600004072,0.08163772823907789
313,0.12737999099999797,0.08212220626162896
314,0.11238012499984507,0.08278694437036174
315,0.11323787099991023,0.08325666583548919
316,0.11597703799998271,0.08355500147762476
317,0.11320171700003812,0.08368473944194108
318,0.1131696259999444,0.08366071142386806
319,0.1132219769999665,0.08381671067785873
320,0.11373796300017602,0.08389624321064623
321,0.11414207600000736,0.08380892071094014
322,0.13077174199997899,0.08332111274625256
323,0.13189316699981646,0.08287217466934893
324,0.13219587499997942,0.08239888726292459
325,0.1369724999999562,0.08178468526840639
326,0.13370349100000567,0.08121537718441141
327,0.13242840700013403,0.08040817340968509
328,0.13564468499998839,0.07943684442082752
329,0.13276697500009504,0.07887329531653059
330,0.132824385000049,0.07824696719773784
331,0.13211468000008608,0.07747839444435663
332,0.13326314300002196,0.07665714793574627
333,0.13853370100014217,0.07606686373748728
334,0.13868096400005925,0.07550478450117783
335,0.1355677609999475,0.07498948638270098
336,0.13653052799986654,0.0744960618754581
337,0.13996108600008483,0.07427437359603277
338,0.1356666930000756,0.07452449999310923
339,0.1352621739999904,0.07542496909990326
340,0.13538560599999983,0.07604926549041355
341,0.13693299900000966,0.07652272626675741
342,0.13613012700011495,0.07693197153602707
343,0.1398207510001157,0.07700047026110515
344,0.1399040880000939,0.07708704557392168
345,0.13896750499998234,0.0770983127911021
346,0.13791840099997899,0.07737157425409816
347,0.1396686040000077,0.07743730446218283
348,0.14101082499996664,0.07717176750725238
349,0.1391278170001442,0.07729428134563943
350,0.13968079599999328,0.07741253884067953
351,0.13971651199994994,0.0773117421866347
352,0.1194963599998573,0.07720212383882544
353,0.1202452740001263,0.07732825986810171
354,0.11369877099991754,0.07727607980135269
355,0.11321720299997651,0.07692871258913364
356,0.11409358700007033,0.0763117254856426
357,0.1123198450000018,0.07564962243844024
358,0.11277959300014118,0.07510595934238959
359,0.11174177700013388,0.07440202306780236
360,0.1116016529999797,0.07354315330059313
361,0.11244388699992669,0.07250250475911023
362,0.11164085500013243,0.07162629006316365
363,0.1118680540000696,0.07145375386703351
364,0.10972817499987286,0.07128845056512215
365,0.10845963700012362,0.07111489496903123
366,0.1199469109999427,0.07123183536347112
367,0.11977385299996968,0.0713857756182419
368,0.12124736500004474,0.07150597064928486
369,0.11946055099997466,0.07156877317379727
370,0.1333757610000248,0.07157147812062437
371,0.13167886600012935,0.07152101604115525
372,0.1317394789998616,0.07150617784272675
373,0.13193823400001747,0.0714736593626406
374,0.13115120199995545,0.0714254025144511
375,0.13162302699993234,0.07136287652597088
376,0.13226621299986618,0.07128719678547946
377,0.13062855799989848,0.07119919676579575
378,0.13190683600009834,0.07109946835302992
379,0.1318216150000353,0.07098837706992478
380,0.13521489299978384,0.07086605211292978
381,0.13063546599983056,0.07073234345604815
382,0.1301318609998816,0.07058672461335093
383,0.1317267740000716,0.07042808776857425
384,0.13186964800001988,0.07026006567610658
385,0.13750757599996177,0.07008758107697063
386,0.13734892200000104,0.069906101136094
387,0.1364285760000712,0.06971195052528802
388,0.14180261999990762,0.0694907547193241
389,0.14076017299998966,0.06932750673818847
390,0.1420556809998743,0.0693010283258679
391,0.14062947299998996,0.06920832627487378
392,0.14194362400007776,0.06906226622222345
393,0.14093718300000546,0.06887405189697307
394,0.1439896869999302,0.06864286346463609
395,0.1448295490001783,0.06838155282577985
396,0.1458996929998193,0.0683677342676817
397,0.14464495600009286,0.06838024022168807
398,0.14213669000014306,0.06850820824091466
399,0.14493142400010584,0.06862202157320063
400,0.1439246480001657,0.0687767282416388
401,0.14226053600009436,0.06893545624084019
402,0.1474576100001741,0.06907886656786905
403,0.14377673099988897,0.06919379919488265
404,0.14493291400003727,0.06927622221973424
405,0.14546987300013825,0.06936248150561786
406,0.14408456799992564,0.06940678123101435
407,0.14582401899997421,0.06938644009593056
408,0.14592883399996026,0.06930017441107741
409,0.14566300899991802,0.06914299878398933
410,0.14595088099986242,0.06892161926497747
411,0.14582133900012195,0.06880750658206176
412,0.14872173499998098,0.06877512920933165
413,0.1469182969999565,0.06866096075071973
414,0.14630408500011072,0.06848354926611899
415,0.14646053399997072,0.06824171319694952
416,0.14799182800015842,0.0679361149194527
417,0.15116022299980614,0.06749213643336349
418,0.15066016799983117,0.0669412599587679
419,0.15489924899998186,0.06630610175971847
420,0.15204111499997452,0.06560476977524973
421,0.14814111199984836,0.06484720593883044
422,0.14939664100006667,0.06414246455810817
423,0.14984210100010387,0.06333046490069315
424,0.14924830600011774,0.06269723435399671
425,0.14084006600000976,0.062249144544235274
426,0.13930196499995873,0.06173074931574987
427,0.13594175100001848,0.06128498159029122
428,0.13476508700000522,0.06081870106650851
429,0.1372713329999442,0.06033173839240327
430,0.1367209739998998,0.060085525270167195
431,0.13738447599985193,0.0599159119361638
432,0.13650676699990072,0.06008737691270383
433,0.13662079099981383,0.06018227234723794
434,0.14091857999983404,0.060201999464414166
435,0.1344362079998973,0.060358240766351184
436,0.13472532800005865,0.060523378691169694
437,0.1370630279998295,0.060662488844775125
438,0.14238303499996618,0.060781819438916945
439,0.140201844999865,0.060853163227437834
440,0.14461643599997842,0.060891248769550876
441,0.14297790599994187,0.06087748258044576
442,0.1389438720000271,0.060813018535920416
443,0.14021914099998867,0.060688149890069265
444,0.14051432399992336,0.06057059031130542
445,0.13839529999995648,0.06043556248124447
446,0.14219987700016645,0.06022331336576778
447,0.13936899400005132,0.05991032214079034
448,0.1397724979999566,0.059602969492946634
449,0.14471943700004886,0.0592653358238579
450,0.14549238699987654,0.05908564403228406
451,0.1451818389998607,0.05922389348040147
452,0.14800885499994365,0.059781050159289126
453,0.14285737900013373,0.06069934682741068
454,0.1434039880000455,0.06157173345737475
455,0.14289283499988414,0.062413002077873925
456,0.14353243899995505,0.06322976773183568
457,0.1544305350000741,0.06392336122075336
458,0.15443886599996404,0.0644858481520727
459,0.16043586199998572,0.06486882010161024
460,0.1613612070000272,0.06539819831767599
461,0.15638302100001056,0.06613226406385819
462,0.15697713600002317,0.06661732433903954
463,0.15728304799995385,0.06675044937553143
464,0.1547288279998611,0.0663953861260317
465,0.15743635900003028,0.0656809194214526
466,0.15609950399993977,0.06517753881020838
467,0.15115986000000703,0.06460794371494315
468,0.15141976199993223,0.06383679989836709
469,0.1518679420000808,0.06329941038829709
470,0.1533898089999184,0.0626019282204703
471,0.15547915199999807,0.06178339767130525
472,0.1524387699998897,0.061632741044850683
473,0.1510621429999901,0.06193716515855524
474,0.13881439700003284,0.062159780839676104
475,0.13943353099989508,0.06241252537207681
476,0.14076829600003293,0.06252074072295989
477,0.13962580699990212,0.06242837954505304
478,0.135768569999982,0.06221158931506657
479,0.13230523800007177,0.06201879344923113
480,0.14135065400000713,0.061919266331879996
481,0.1422342150001441,0.06162774300558366
482,0.14076532800004316,0.061454773782526145
483,0.13272102799987806,0.06136599841636872
484,0.13214848899997378,0.06116934311160244
485,0.13188962000003812,0.06084032422840753
486,0.13152436299992587,0.060409711617290654
487,0.12510661999999684,0.06018136689457332
488,0.12470913799984373,0.05998972338249209
489,0.125265994000074,0.05976494995186871
490,0.12421182200000658,0.05948832884215152
491,0.1259191390001888,0.05916514998049818
492,0.1280278469998848,0.058788188066119185
493,0.12529491899999812,0.058342832829966315
494,0.1261544540000159,0.05781077492625407
495,0.12549787800003287,0.057198258418506176
496,0.11837600700005169,0.05655750107013012
497,0.11488039899995783,0.05609963616005331
498,0.11443344999997862,0.05597164620306125
499,0.114684804000035,0.055836530336236534
500,0.11458614399998623,0.055694037643721994
501,0.11844641700008651,0.05554374965760399
502,0.10725821500000166,0.055382080310387924
503,0.10968634400001065,0.05520815759062844
504,0.11696762099995794,0.05502706864633106
505,0.11649757499981206,0.05484252543359887
506,0.11648705700008577,0.0547385722139771
507,0.1170636619999641,0.05467892875242017
508,0.1166600080000535,0.05461585156494213
509,0.11715946399999666,0.0545493555096388
510,0.11904775299990433,0.05447828309244
511,0.11755753400007052,0.05440190166459802
512,0.11815166600013072,0.05444688563471492
513,0.11826296399999592,0.0547087803168384
514,0.11937354900010178,0.05488625125358204
515,0.11881422600004043,0.055014657324364113
516,0.11935197900015737,0.05510443466161635
517,0.1219905650000328,0.05517904034346863
518,0.12128155200002766,0.05557875907490162
519,0.12161044200001925,0.05588057603997726
520,0.12263025399988692,0.05625040510465773
521,0.1214792429998397,0.05651920016724571
522,0.12022149400013404,0.05700058251795828
523,0.13103103799994642,0.05771715226073704
524,0.13151637099986146,0.058368385097827435
525,0.13569054999993568,0.05909882061511196
526,0.13077982800018617,0.05977657791900698
527,0.13173606400005156,0.06037757189726339
528,0.14789482300011514,0.06070098834529371
529,0.14665068699991934,0.06089943521754959
530,0.14888008799994168,0.0611394916632383
531,0.15114682999978868,0.06109421557070557
532,0.15551062400004412,0.06066382410223364
533,0.15190269499998976,0.059997601494760244
534,0.15205541799991806,0.05939599739264362
535,0.15291509999997288,0.05909871191119222
536,0.15131737000001522,0.058952477108120155
537,0.1513787260000754,0.0588832850042995
538,0.14477897999995548,0.05877805047938578
539,0.14455461100010325,0.058600196434569346
540,0.1410357740001018,0.05834433114499385
541,0.14204283300000498,0.057984391153528714
542,0.14114047799989748,0.05758102341985705
543,0.1245061849999729,0.05714948979588519
544,0.12588761500001056,0.05676518690625061
545,0.1296640699999898,0.05643421856765499
546,0.12951209900006688,0.05609385617888751
547,0.12648729400007142,0.05573385294891137
548,0.12570927299998402,0.05550638035510336
549,0.1260798429998431,0.05520187557526181
550,0.11968067999987397,0.054947714241346785
551,0.12200322099988625,0.054613538682501
552,0.11905201100012164,0.054823009540994894
553,0.11923990099990078,0.05502293085740134
554,0.12757797399990523,0.05517652967730846
555,0.12766470999986268,0.055272827263740165
556,0.12112767199982954,0.05531656476720573
557,0.12157017000004089,0.05531779958499011
558,0.12323797099998046,0.05527942721135935
559,0.12128929599998628,0.05521369169828097
560,0.1242140859999381,0.05520069483346342
561,0.1243346419998943,0.055152174851646085
562,0.1239852730000166,0.055048453179994405
563,0.1305069340000955,0.054894894792285195
564,0.1299651689998882,0.054689718349662714
565,0.13024729399990065,0.05449078300061458
566,0.13110404500002915,0.054331347648820236
567,0.13257374599993454,0.0541481902030395
568,0.1307002940000075,0.053985242330804456
569,0.13516498300009516,0.054013475905623304
570,0.1318749489998936,0.05448970812087563
571,0.13213658499989833,0.05496475145176531
572,0.14430854700003692,0.055399853057544635
573,0.1373904740000853,0.055789512599740854
574,0.14638357499984522,0.05604939602107696
575,0.14666792000002715,0.05638293733806929
576,0.14756976200010286,0.05677005879434015
577,0.14540493599997717,0.0569773565848794
578,0.14347844700000678,0.057098978402095005
579,0.1483293799999501,0.05712835688320271
580,0.14831190099994274,0.05704681412206815
581,0.14355429700026434,0.057020929094106554
582,0.14751206300024933,0.05697851961216918
583,0.1480426749999424,0.056856717382676725
584,0.14838288900000407,0.05666275642939589
585,0.15053932799992253,0.05642393495410847
586,0.1496060529998431,0.05619474870933226
587,0.14653378499997416,0.056057642187510165
588,0.1473905510001714,0.05604917720114874
589,0.14941552199979924,0.055978368777134205
590,0.1483437260003484,0.0558453347559946
591,0.14487515900009384,0.055642536855062485
592,0.14381439600037993,0.055390968619937475
593,0.1449299629998677,0.05508906823983223
594,0.14313115499999185,0.05482201448854143
595,0.14466096800015293,0.05463447432159986
596,0.14298431499992148,0.05455090036300814
597,0.14409943900000144,0.054419406633460676
598,0.14853837000009662,0.05429332463909953
599,0.14622368800019103,0.054179183686322074
600,0.14526908600009847,0.05412748879401871
601,0.14564778399972056,0.05410104960821105
602,0.1416225600000871,0.05402230518870718
603,0.14016597699992417,0.05397779908765225
604,0.14040767200003756,0.053860021085278736
605,0.1395041300002049,0.053693521734681476
606,0.14607347499986645,0.05350069425362644
607,0.14291497600015646,0.05317528385853966
608,0.13713475700023992,0.05279002777638514
609,0.1399367149997488,0.052445454127141314
610,0.14007013700029347,0.05205327550471493
611,0.13892696499988233,0.05161179071804886
612,0.1328669389999959,0.05116082154922376
613,0.13348881699994308,0.05066908318152627
614,0.13226584499989258,0.05078201747923909
615,0.13279963400009365,0.05110078206905233
616,0.13291358399965247,0.051370030192407795
617,0.13918728299995564,0.05159159247071539
618,0.13998235700000805,0.051757765875270687
619,0.1401548650001132,0.05187275500227061
620,0.1422680720002063,0.05193727774017606
621,0.14295422799978041,0.05203915854167872
622,0.14219189400000687,0.05218361141346631
623,0.13930533899974762,0.052271255359157026
624,0.1388689489999706,0.052448351769859264
625,0.1395443360001991,0.05262200958381402
626,0.1410649959998409,0.05275098014465418
627,0.13900008699965838,0.052942468107197674
628,0.1362161140000353,0.05309793187034277
629,0.1374604340003316,0.05322439719499136
630,0.13400782100006836,0.05328748882260334
631,0.13424498099993798,0.0532623995561006
632,0.1324345469997752,0.05318415871046728
633,0.1344043670001156,0.05306335260132518
634,0.1316512800003693,0.05297816333806421
635,0.130952404999789,0.05300450116429942
636,0.13433913600010783,0.05298242899370424
637,0.13138699299997825,0.05288925885292499
638,0.13144381700021768,0.05274590377989549
639,0.13698260999990453,0.05257675367430317
640,0.13682499000015014,0.05239434386509184
641,0.13718558200025655,0.052199781874869455
642,0.1393449590000273,0.051992761248961405
643,0.13717092800015962,0.05177124874169736
644,0.13752895199968407,0.05152658839367913
645,0.13736968900002466,0.051246383000028234
646,0.1373025799998686,0.050939093010417796
647,0.13626129499971285,0.05060603850265699
648,0.1385718619999352,0.05030045241231733
649,0.1365964419996999,0.049997450713392635
650,0.138819895999859,0.04975708013884511
651,0.14253562299973055,0.049534788077832514
652,0.13652564200037887,0.04945382033428615
653,0.131964085999698,0.04941327869370353
654,0.13437484199994287,0.04937392827038714
655,0.13442015600003288,0.04940179356897442
656,0.13244385000007242,0.04941241137886804
657,0.13219090499978847,0.049405422111252484
658,0.13259891200004859,0.049380361764819844
659,0.1342300010001054,0.04933665258715604
660,0.1324167610000586,0.04926397593570431
661,0.13306362000002991,0.04934637059527125
662,0.13378758399994695,0.04971548324432587
663,0.13283733200023562,0.05002887711613947
664,0.13260157300010178,0.05028966115308761
665,0.1319399090002662,0.050498821130837174
666,0.13949699700015117,0.05065033333287605
667,0.14064344100006565,0.050749240753480404
668,0.1411300750000919,0.05116662178229503
669,0.14446651799971733,0.05182233028300222
670,0.14203099799988195,0.05234645001171066
671,0.14282774000002973,0.052857107497646716
672,0.14338737399975798,0.05332764330901872
673,0.1437923690000389,0.0536836972242975
674,0.14492843900006847,0.05391657882810032
675,0.14647313799969197,0.05400948761501986
676,0.13790629599998283,0.05400437662091567
677,0.13816208400021424,0.053911937356744766
678,0.14216487700014113,0.05379610649848779
679,0.13973173600015798,0.05365474189740577
680,0.13703848899967852,0.053450906884656285
681,0.13708225700020193,0.053197580761177074
682,0.13774689100000614,0.05292483647652153
683,0.13608865500009415,0.05262871100316148
684,0.13839338900015719,0.052300447342261205
685,0.1387351570001556,0.051998237755912335
686,0.12594089099957273,0.051660358645463034
687,0.12573452700007692,0.05130569302994642
688,0.12951192999980776,0.05092078470860545
689,0.12820545499971558,0.050525270653533044
690,0.12720984299994598,0.05030315090596145
691,0.1281326309999713,0.05036526464280669
692,0.12684680800020942,0.05041721534545296
693,0.12829073100010646,0.050417664607197765
694,0.12609019000001354,0.05040856607081952
695,0.1209444760002043,0.05038380828797126
696,0.12330412700021043,0.050408512703330355
697,0.12029890200028603,0.0504139249388148
698,0.12103163700021469,0.05039961561690383
699,0.1248469639999712,0.05036193530229434
700,0.12539123999977164,0.05029987992983398
701,0.12565037099966503,0.050218134981488444
702,0.127686593999897,0.05011693349971878
703,0.12488001599967902,0.04999584254764439
704,0.12713535400007459,0.04985420318982031
705,0.12052261100006945,0.049699309910461564
706,0.12051468400022713,0.04953196555609363
707,0.11961021500019342,0.04935207019511227
708,0.12006084399990868,0.049159417071231754
709,0.12269629000002169,0.048953680187637794
710,0.12011171799986187,0.0487803338177992
711,0.12017773800016585,0.048640416881229054
712,0.12311132300010286,0.04852809259076682
713,0.12022756199985452,0.04844660033009027
714,0.12070842599996467,0.048317314184618376
715,0.12087877799967828,0.048142654503072924
716,0.11210925099976521,0.04793951921528869
717,0.11218362299996443,0.047886506176530674
718,0.11225878300001568,0.0478059287298194
719,0.11161366199985423,0.04767571481009941
720,0.11222108099991601,0.0475004127554938
721,0.1147643619997325,0.04732805869934248
722,0.1115483880003012,0.047247596089557725
723,0.11145337200014183,0.0471176647752502
724,0.11196011099991665,0.046932002317849386
725,0.11256241499995667,0.04670439092579029
726,0.11639403000026505,0.04707023627527035
727,0.11992898500011506,0.047445236253179535
728,0.12095407300012084,0.04771226120991304
729,0.11779086099977576,0.047776877684282765
730,0.1174498919999678,0.04766903392864466
731,0.11891235500024777,0.047481345757337506
732,0.11230582100006359,0.047286537211255864
733,0.11410496000007697,0.0471312847350783
734,0.11307528399993316,0.0471109530390508
735,0.11224359099969661,0.04696879749414529
736,0.11274678000017957,0.046777098365001324
737,0.11323940400006904,0.04642314386375476
738,0.11338526700001239,0.04570998422744221
739,0.1141101900002468,0.044690954872853364
740,0.1140189590000773,0.044665647619333115
741,0.11343743499992343,0.04476449786696633
742,0.11215962500000387,0.04485134049779643
743,0.11453188199993747,0.04492485624499236
744,0.10810714800027199,0.044977941088583454
745,0.10793083499993372,0.045015944537742214
746,0.1090118860001894,0.04503832390184108
747,0.1082574659999409,0.04505122941509487
748,0.10911552199968355,0.04516154841107925
749,0.10886136499993881,0.04530731195953011
750,0.10737020099986694,0.04537411822327031
751,0.1081949680001344,0.045404340972176216
752,0.1091043169999466,0.045566825003017064
753,0.1096988969998165,0.04568423874506217
754,0.10882845700007238,0.045773739283806555
755,0.11050993100025153,0.04578510958438467
756,0.10985428499998307,0.0457049583469344
757,0.11657726700013882,0.04551119156862264
758,0.1142458990002524,0.04525214125634325
759,0.11394358500001545,0.04496876047462456
760,0.1122794010002508,0.044615403797911124
761,0.11184104000039952,0.04453525002729723
762,0.10987743599980604,0.04457279644815294
763,0.1115826250002101,0.04459674681338047
764,0.10918809800023155,0.04460245707068701
765,0.10970730600001843,0.0445920694971145
766,0.11015103299996554,0.04464662628752486
767,0.11109310899973934,0.04484535169390788
768,0.10968935100027011,0.04503239454768038
769,0.11334592699995483,0.04513855382163598
770,0.11208642599967789,0.04517825984705082
771,0.11245168899995406,0.04515560879983706
772,0.11118959800023731,0.04507404107486564
773,0.11053857800015976,0.04493407221290106
774,0.11117764199980229,0.044741488589112935
775,0.111071235000054,0.044492138218659105
776,0.11013680899986866,0.04418006020743674
777,0.12583119500004614,0.0438223549472439
778,0.12439331499990658,0.04350718841853618
779,0.11861464999992677,0.04362897561792513
780,0.11986324999998033,0.04369996466609463
781,0.12372789799974271,0.04388433264147901
782,0.12722625099968354,0.04408859510344311
783,0.1274830679999468,0.04425171250333515
784,0.13308755699972608,0.04447803732312182
785,0.1321591310002077,0.04469487437651884
786,0.13375664900013362,0.044822324372010905
787,0.1334984379996058,0.04490124161442147
788,0.1338371849997202,0.04495646219891594
789,0.13286160200004815,0.045262666217989106
790,0.13280009600021003,0.04550866355203324
791,0.1299359849999746,0.04568468749307182
792,0.1292880740002147,0.04579157110998111
793,0.13593896400016092,0.04581024567347777
794,0.13574853299996903,0.04569982444209013
795,0.13464869900008125,0.04544036638936545
796,0.13312938399985796,0.04536473655920796
797,0.13311675700015257,0.045240613085531636
798,0.13858572700019067,0.04501431445034956
799,0.139370837000115,0.044698755264540604
800,0.13791765899986785,0.044342512466859746
801,0.1380218520002927,0.044305653159964764
802,0.13932940400036387,0.04441360971190976
803,0.13971291800044128,0.04441446960607756
804,0.13642603000016607,0.044252149679080616
805,0.1365903700002491,0.04422514387896653
806,0.13784419499961587,0.04445942517921282
807,0.1387395239999023,0.044768909303648616
808,0.13768905100005213,0.04497667790929821
809,0.13770934200010743,0.0450130669122461
810,0.13691181500007588,0.04487260309319942
811,0.13743803899978957,0.044601415117424326
812,0.14136112899996078,0.0442149835606353
813,0.1404749600001196,0.04394957589778782
814,0.13337033100015105,0.04412135159709926
815,0.1333448639998096,0.044227773168742185
816,0.13784803699991244,0.044287820828741956
817,0.1376976999999897,0.04435404255634694
818,0.13774082399959298,0.04437080867133117
819,0.13722668600030374,0.044406471074902254
820,0.14083537299984528,0.04437894804522852
821,0.14147615999991103,0.04429217866590013
822,0.13727818000006664,0.044150356416766026
823,0.1376194370000121,0.043936505798517836
824,0.13710398900002474,0.04366455472471241
825,0.13572291700029382,0.04333592237342848
826,0.13632672099993215,0.04296982790205117
827,0.13782011500006774,0.04256178698439672
828,0.13338097500036383,0.04216497604744282
829,0.13472199399984675,0.04184748336577347
830,0.13400520300001517,0.04188579651465649
831,0.13422632699985115,0.04188599638461002
832,0.1354979419998017,0.0418422918786196
833,0.1358477569997376,0.04178653267611761
834,0.13567293100004463,0.041743460989916326
835,0.13512228899980983,0.04174960624997942
836,0.13547935099995811,0.04173812820847353
837,0.13310898500003532,0.0416979675795314
838,0.13405495200004225,0.041733276345628054
839,0.13429597599997578,0.04183761273937177
840,0.13625656099975458,0.04187400854488431
841,0.1364391230004003,0.041859212219808095
842,0.13672178799970425,0.04187613846222768
843,0.13609177999978783,0.04188697311234482
844,0.13592946800008576,0.04191547880439142
845,0.1366271870001583,0.04194514567150953
846,0.13526022099995316,0.041962720699731226
847,0.13223920800010092,0.04196513451819944
848,0.13265652700010833,0.04195672541720216
849,0.13117277800029115,0.04193806828227542
850,0.1331377659998907,0.04190947943207676
851,0.13174772799993661,0.041871256246726524
852,0.13199092500008192,0.041823527106568475
853,0.1318827169998258,0.04176626264790807
854,0.13650666900002761,0.04169616428760253
855,0.13580184800002826,0.04157767519585295
856,0.13337710499990862,0.041637702160743306
857,0.1334617430002254,0.04159902470401952
858,0.12909111599992684,0.04168407724927947
859,0.12734857600025862,0.04169889646975715
860,0.127337615000215,0.04168444080178696
861,0.13347731400017437,0.04166333641784989
862,0.13300351499992757,0.041633430012065126
863,0.133651362999899,0.0415943059783386
864,0.13410052800008998,0.041546719941549404
865,0.13384361399994305,0.04149016234819208
866,0.13320139999996172,0.041424006207871386
867,0.13303411900005813,0.04134767819139257
868,0.13392631500028074,0.04126067377499547
869,0.1342816970000058,0.04116848307480349
870,0.13295450099985828,0.041112536156713814
871,0.133139064000261,0.04104242279947874
872,0.13269213599960494,0.041102945413496614
873,0.1378651379995972,0.04124046416910766
874,0.13675855600013165,0.04135110324481833
875,0.13697344899992459,0.04143606194776746
876,0.13822613999991518,0.041532317415947664
877,0.13773495399982494,0.04163286734838073
878,0.13827403599998433,0.041706747886339796
879,0.13877661000014996,0.04175047417550179
880,0.13871327200013184,0.04176403715311698
881,0.13356168900008925,0.041845911172442546
882,0.13110713100013527,0.041940609908165644
883,0.13181439399977535,0.04201316864360838
884,0.132603822999954,0.0420669256570331
885,0.13294418999976187,0.04212849863921678
886,0.13127306900014446,0.04222495103242413
887,0.13156783700014785,0.042306099677943854
888,0.13070117000006576,0.04237149198782164
889,0.13057224700014558,0.042399841357194656
890,0.13075528900026256,0.0423419495218809
891,0.11719091300028595,0.042228891294390475
892,0.11611134399981893,0.04208482935181357
893,0.11649422200025583,0.04191112204672201
894,0.11507616999961101,0.041701539610427704
895,0.11482877200023722,0.041439120262107054
896,0.11594419999983074,0.04114449589277694
897,0.11568324000018038,0.040987799306416245
898,0.11539713199999824,0.04086185731280735
899,0.11583258000018759,0.04072163207724011
900,0.12105303399994227,0.04053746347275444
901,0.12064950700005284,0.040779300867082646
902,0.11293718599972635,0.04112342865286181
903,0.11389067199979763,0.0414319384293871
904,0.11947370600000795,0.041707441284439026
905,0.12347935300022073,0.04192889849918338
906,0.12420379899958789,0.04208222473296702
907,0.12314442099977896,0.042331783777876525
908,0.12309157900017453,0.04273409948238646
909,0.1298083570000017,0.04308382977793554
910,0.12941252600012376,0.04336361905670866
911,0.13132565800015072,0.04358565896271291
912,0.1317970330001117,0.043744749416880016
913,0.13124933000017336,0.04381625512650017
914,0.13139508799986288,0.04394341479678589
915,0.13009008899962282,0.044069736811848864
916,0.13139084900012676,0.04414410435226859
917,0.13143589499986774,0.04416113556176986
918,0.131075134999719,0.04412330360079769
919,0.13100819100009176,0.04407999721024511
920,0.12217499000007592,0.04398386477055964
921,0.12466446500002348,0.043825620385906386
922,0.12214206099997682,0.04361068529775053
923,0.12115022199986925,0.04350835564689913
924,0.12157550100027947,0.043494280119903486
925,0.12177344200017615,0.04345654216991873
926,0.12278628300009586,0.04339344261999398
927,0.11342420100027084,0.0433432782100177
928,0.11325318199988033,0.04328212855938843
929,0.11360236399968926,0.04320982229650247
930,0.11288989900003799,0.04312610689089448
931,0.11419031700006599,0.043030624811745355
932,0.11335060700002941,0.04292286586064718
933,0.11334382599989112,0.0428020797961257
934,0.11415981299978739,0.04267270427133538
935,0.11332654299985734,0.04253580323288335
936,0.11322906599980342,0.0423915068113135
937,0.11570075800000268,0.042239930142278004
938,0.11275826700011748,0.042081159900843726
939,0.11297003299978314,0.041915236052550486
940,0.11278854300007879,0.041742126753568254
941,0.11299915399968086,0.04155925400547539
942,0.11294586599979084,0.04136981784023672
943,0.11317397899983916,0.041174542300729644
944,0.11253051699986827,0.04097394052971742
945,0.11302300199986348,0.040768358541995287
946,0.11284934500008603,0.04054909381617933
947,0.11442925599976661,0.04033301791965414
948,0.11489897000001292,0.04014764014091329
949,0.11454899299997123,0.03995344705272044
950,0.11388480499999787,0.03976448320416248
951,0.11275978799994846,0.03956598156400076
952,0.11257372000000032,0.03936220149110392
953,0.11342097799979456,0.03918678462713325
954,0.11322934600002554,0.03903873372683901
955,0.1086226219999844,0.038927816831345705
956,0.10902618699992672,0.03897308157049584
957,0.12373231700030374,0.0390163236171257
958,0.12739094400012618,0.039046671717989104
959,0.1284360029999334,0.03905956814274798
960,0.12906720299997687,0.03905704750307741
961,0.12961981399985234,0.03908995855457699
962,0.13130465200038088,0.039232841072578434
963,0.12916727099991476,0.03937027549292281
964,0.12982444299996132,0.03949872096069486
965,0.13605058500024825,0.03960709682930562
966,0.14024534099962693,0.03969599069319851
967,0.13847275900025124,0.03996601291938828
968,0.13849473699974624,0.040425398337901125
969,0.138383094999881,0.0407958196728995
970,0.1393785680002111,0.04107025150730709
971,0.13845790799996394,0.04129877956877351
972,0.1390597749996232,0.04150001445004026
973,0.13954989300009402,0.041778664443536034
974,0.1380930239997724,0.04199953381134641
975,0.14340854900001432,0.04224720709943702
976,0.13926083099977404,0.04244192581522116
977,0.14109640200013018,0.04255846505549882
978,0.13984348999974827,0.04259883340560469
979,0.13914097399992897,0.042532557131436305
980,0.13745387400012987,0.04236168961780737
981,0.13909603499996592,0.04220675377714361
982,0.1385634640000717,0.041972985147762626
983,0.14146842499985723,0.0416225770468672
984,0.14140636699994502,0.04144010499729037
985,0.14034119100006137,0.04150533131698536
986,0.1372587509999903,0.0415177913360506
987,0.13836448100028065,0.04150023382957235
988,0.1373348439997244,0.04145236998584345
989,0.13650054399977307,0.04138927765082777
990,0.13717222600007517,0.04131256760589934
991,0.13802712200003953,0.04121221256959545
992,0.13732604599999831,0.04108795130341039
993,0.13690047599993704,0.04094485525003254
994,0.13721416199996384,0.040786264929880425
995,0.1366806309997628,0.04061440858527174
996,0.13738407300024846,0.04043071746141316
997,0.13610597899969434,0.04023597654626339
998,0.13674419900007706,0.040030355641442375
999,0.13728508799977135,0.03981330602978311
